Month,Phase,Man-Hours,Near Miss,First Aid,Medical Treatment,Lost Time Injury,Recordables,Total Incidents,Days Lost,Inspections,LTIF,TRIR,Severity Rate,Near Miss Ratio,RAG TRIR,RAG LTIF,RAG Severity,RAG Near Miss
2025-01,Improvement,92000.0,19,1,2,0,2,22,0,60,0.0,4.3478260869565215,0.0,86.36363636363636,Red,Green,Green,Green
2025-02,Improvement,80000.0,14,3,0,0,0,17,0,63,0.0,0.0,0.0,82.3529411764706,Green,Green,Green,Green
2025-03,Improvement,84000.0,18,4,1,1,2,24,1,60,11.904761904761905,4.761904761904762,11.904761904761905,75.0,Red,Red,Green,Amber
2025-04,Improvement,88000.0,17,2,0,1,1,20,3,44,11.363636363636363,2.272727272727273,34.09090909090909,85.0,Green,Red,Red,Green
2025-05,Improvement,88000.0,13,1,2,0,2,16,0,51,0.0,4.545454545454546,0.0,81.25,Red,Green,Green,Green
2025-06,Improvement,84000.0,9,1,0,0,0,10,0,57,0.0,0.0,0.0,90.0,Green,Green,Green,Green
2025-07,Bad Quarter,92000.0,12,3,2,0,2,17,0,37,0.0,4.3478260869565215,0.0,70.58823529411765,Red,Green,Green,Amber
2025-08,Bad Quarter,84000.0,20,2,0,2,2,24,8,39,23.80952380952381,4.761904761904762,95.23809523809524,83.33333333333333,Red,Red,Red,Green
2025-09,Bad Quarter,88000.0,23,5,3,2,5,33,9,45,22.727272727272727,11.363636363636363,102.27272727272727,69.6969696969697,Red,Red,Red,Amber
2025-10,Recovery,92000.0,19,0,1,0,1,20,0,56,0.0,2.1739130434782608,0.0,95.0,Green,Green,Green,Green
2025-11,Recovery,80000.0,13,1,1,0,1,15,0,56,0.0,2.5,0.0,86.66666666666667,Green,Green,Green,Green
2025-12,Recovery,92000.0,16,2,0,0,0,18,0,49,0.0,0.0,0.0,88.88888888888889,Green,Green,Green,Green
2026-01,Recovery,88000.0,14,1,0,0,0,15,0,42,0.0,0.0,0.0,93.33333333333333,Green,Green,Green,Green
2026-02,Recovery,80000.0,17,2,1,0,1,20,0,46,0.0,2.5,0.0,85.0,Green,Green,Green,Green
2026-03,Recovery,88000.0,12,3,1,0,1,16,0,49,0.0,2.272727272727273,0.0,75.0,Green,Green,Green,Amber
2026-04,Recovery,88000.0,7,3,0,0,0,10,0,41,0.0,0.0,0.0,70.0,Green,Green,Green,Amber
2026-05,Recovery,84000.0,26,3,0,0,0,29,0,44,0.0,0.0,0.0,89.65517241379311,Green,Green,Green,Green
2026-06,Recovery,88000.0,7,2,2,0,2,11,0,49,0.0,4.545454545454546,0.0,63.63636363636363,Red,Green,Green,Red
