incident_id,date,shift,department,event_type,body_part,immediate_cause,root_cause,days_lost,contractor_flag
INC-0022,2025-01-01,Day,Warehouse,Near Miss,None,Equipment Failure,Poor Supervision,0,False
INC-0020,2025-01-03,Night,Maintenance,Near Miss,None,Poor Housekeeping,Equipment Maintenance,0,False
INC-0007,2025-01-04,Day,Logistics,Near Miss,None,Equipment Failure,Housekeeping Management,0,True
INC-0004,2025-01-08,Evening,Warehouse,First Aid,Head,Unsafe Condition,Risk Assessment Gap,0,True
INC-0008,2025-01-10,Evening,Production,Near Miss,None,Poor Housekeeping,Housekeeping Management,0,False
INC-0021,2025-01-10,Evening,Warehouse,Near Miss,None,Unsafe Act,Equipment Maintenance,0,False
INC-0011,2025-01-11,Night,Production,Near Miss,None,Unsafe Condition,Inadequate Procedure,0,False
INC-0013,2025-01-13,Day,Production,Near Miss,None,Manual Handling,Equipment Maintenance,0,False
INC-0001,2025-01-14,Night,Logistics,Near Miss,None,Vehicle/Traffic,Workload/Staffing,0,True
INC-0003,2025-01-14,Evening,Maintenance,Near Miss,None,Manual Handling,Workload/Staffing,0,False
INC-0012,2025-01-14,Day,Production,Near Miss,None,Slips/Trips,Housekeeping Management,0,False
INC-0017,2025-01-14,Day,Maintenance,Near Miss,None,Poor Housekeeping,Inadequate Training,0,False
INC-0010,2025-01-15,Day,Logistics,Near Miss,None,Manual Handling,Poor Supervision,0,True
INC-0009,2025-01-18,Day,Maintenance,Near Miss,None,Manual Handling,Equipment Maintenance,0,False
INC-0016,2025-01-20,Evening,Production,Medical Treatment,Hand,Manual Handling,Equipment Maintenance,0,True
INC-0019,2025-01-20,Day,Maintenance,Near Miss,None,Equipment Failure,Inadequate Training,0,True
INC-0006,2025-01-22,Evening,Maintenance,Near Miss,None,Equipment Failure,Workload/Staffing,0,False
INC-0015,2025-01-22,Day,Production,Near Miss,None,Electrical,Communication,0,False
INC-0005,2025-01-24,Day,Logistics,Medical Treatment,Hand,Inadequate PPE,Risk Assessment Gap,0,True
INC-0014,2025-01-26,Evening,Maintenance,Near Miss,None,Inadequate PPE,Equipment Maintenance,0,False
INC-0002,2025-01-27,Night,Maintenance,Near Miss,None,Manual Handling,Workload/Staffing,0,False
INC-0018,2025-01-28,Day,Logistics,Near Miss,None,Slips/Trips,Risk Assessment Gap,0,False
INC-0029,2025-02-01,Evening,Production,Near Miss,None,Unsafe Act,Inadequate Training,0,False
INC-0026,2025-02-02,Day,Production,Near Miss,None,Chemical Exposure,Inadequate Procedure,0,True
INC-0034,2025-02-04,Day,Production,First Aid,Eye,Poor Housekeeping,Housekeeping Management,0,False
INC-0032,2025-02-05,Day,Logistics,Near Miss,None,Vehicle/Traffic,Housekeeping Management,0,False
INC-0025,2025-02-07,Evening,Maintenance,Near Miss,None,Vehicle/Traffic,Poor Supervision,0,False
INC-0027,2025-02-09,Evening,Warehouse,First Aid,Back,Vehicle/Traffic,Communication,0,False
INC-0023,2025-02-11,Day,Warehouse,Near Miss,None,Unsafe Condition,PPE Management,0,False
INC-0036,2025-02-12,Evening,Production,Near Miss,None,Slips/Trips,Poor Supervision,0,False
INC-0028,2025-02-13,Day,Logistics,Near Miss,None,Unsafe Condition,Workload/Staffing,0,True
INC-0031,2025-02-13,Day,Production,Near Miss,None,Manual Handling,Inadequate Training,0,False
INC-0038,2025-02-17,Day,Warehouse,Near Miss,None,Unsafe Condition,Workload/Staffing,0,False
INC-0035,2025-02-21,Night,Warehouse,Near Miss,None,Slips/Trips,Risk Assessment Gap,0,False
INC-0037,2025-02-22,Day,Warehouse,Near Miss,None,Inadequate PPE,Equipment Maintenance,0,False
INC-0024,2025-02-24,Evening,Maintenance,Near Miss,None,Unsafe Condition,Communication,0,True
INC-0033,2025-02-24,Day,Production,First Aid,Leg,Unsafe Condition,Risk Assessment Gap,0,False
INC-0030,2025-02-27,Day,Warehouse,Near Miss,None,Slips/Trips,Other,0,False
INC-0039,2025-02-27,Day,Production,Near Miss,None,Slips/Trips,Poor Supervision,0,False
INC-0053,2025-03-01,Evening,Maintenance,Near Miss,None,Slips/Trips,Risk Assessment Gap,0,False
INC-0063,2025-03-01,Evening,Production,Near Miss,None,Unsafe Condition,Communication,0,True
INC-0042,2025-03-02,Day,Warehouse,Near Miss,None,Unsafe Condition,Poor Supervision,0,False
INC-0059,2025-03-02,Evening,Production,Near Miss,None,Unsafe Condition,Risk Assessment Gap,0,False
INC-0040,2025-03-04,Day,Production,Near Miss,None,Unsafe Act,Inadequate Procedure,0,False
INC-0057,2025-03-04,Evening,Maintenance,First Aid,Multiple,Inadequate PPE,Equipment Maintenance,0,False
INC-0047,2025-03-06,Day,Production,Near Miss,None,Unsafe Condition,Equipment Maintenance,0,False
INC-0044,2025-03-13,Evening,Warehouse,Near Miss,None,Vehicle/Traffic,Other,0,False
INC-0048,2025-03-13,Night,Production,First Aid,Back,Inadequate PPE,Poor Supervision,0,False
INC-0049,2025-03-16,Evening,Logistics,Near Miss,None,Equipment Failure,PPE Management,0,True
INC-0051,2025-03-17,Evening,Production,Medical Treatment,Leg,Poor Housekeeping,Workload/Staffing,0,False
INC-0045,2025-03-18,Day,Maintenance,Near Miss,None,Poor Housekeeping,Risk Assessment Gap,0,False
INC-0054,2025-03-18,Day,Warehouse,Near Miss,None,Unsafe Act,Risk Assessment Gap,0,False
INC-0050,2025-03-21,Day,Logistics,First Aid,Leg,Slips/Trips,Inadequate Procedure,0,True
INC-0060,2025-03-22,Evening,Production,First Aid,Foot,Unsafe Act,Other,0,False
INC-0058,2025-03-23,Night,Warehouse,Near Miss,None,Manual Handling,Inadequate Training,0,False
INC-0046,2025-03-25,Evening,Maintenance,Near Miss,None,Equipment Failure,Inadequate Training,0,False
INC-0056,2025-03-25,Day,Production,Near Miss,None,Chemical Exposure,Equipment Maintenance,0,False
INC-0061,2025-03-25,Evening,Production,Lost Time Injury,Foot,Poor Housekeeping,Inadequate Procedure,1,False
INC-0041,2025-03-26,Day,Maintenance,Near Miss,None,Equipment Failure,Equipment Maintenance,0,False
INC-0062,2025-03-26,Day,Production,Near Miss,None,Vehicle/Traffic,Risk Assessment Gap,0,True
INC-0055,2025-03-29,Night,Logistics,Near Miss,None,Vehicle/Traffic,Poor Supervision,0,False
INC-0043,2025-03-30,Day,Production,Near Miss,None,Unsafe Act,Workload/Staffing,0,True
INC-0052,2025-03-30,Day,Production,Near Miss,None,Poor Housekeeping,Inadequate Training,0,False
INC-0064,2025-04-01,Day,Logistics,Near Miss,None,Unsafe Condition,Risk Assessment Gap,0,False
INC-0078,2025-04-01,Evening,Warehouse,Lost Time Injury,Leg,Equipment Failure,Housekeeping Management,3,False
INC-0081,2025-04-02,Day,Maintenance,Near Miss,None,Chemical Exposure,Inadequate Procedure,0,True
INC-0075,2025-04-09,Day,Production,Near Miss,None,Unsafe Act,Inadequate Procedure,0,False
INC-0072,2025-04-13,Day,Maintenance,Near Miss,None,Poor Housekeeping,Housekeeping Management,0,False
INC-0067,2025-04-14,Day,Production,Near Miss,None,Electrical,Equipment Maintenance,0,False
INC-0082,2025-04-14,Evening,Production,Near Miss,None,Inadequate PPE,Inadequate Procedure,0,False
INC-0080,2025-04-16,Day,Warehouse,Near Miss,None,Inadequate PPE,Inadequate Procedure,0,False
INC-0065,2025-04-17,Evening,Warehouse,Near Miss,None,Unsafe Condition,Poor Supervision,0,False
INC-0069,2025-04-17,Day,Maintenance,First Aid,Arm,Inadequate PPE,Equipment Maintenance,0,True
INC-0073,2025-04-18,Day,Production,Near Miss,None,Equipment Failure,Risk Assessment Gap,0,False
INC-0066,2025-04-19,Day,Warehouse,Near Miss,None,Manual Handling,Inadequate Procedure,0,False
INC-0074,2025-04-20,Night,Maintenance,Near Miss,None,Electrical,Equipment Maintenance,0,False
INC-0070,2025-04-21,Day,Production,Near Miss,None,Equipment Failure,Risk Assessment Gap,0,False
INC-0068,2025-04-22,Day,Maintenance,Near Miss,None,Electrical,Poor Supervision,0,False
INC-0079,2025-04-23,Evening,Production,Near Miss,None,Electrical,Equipment Maintenance,0,False
INC-0076,2025-04-24,Day,Production,Near Miss,None,Unsafe Act,Poor Supervision,0,False
INC-0083,2025-04-26,Evening,Maintenance,Near Miss,None,Slips/Trips,Inadequate Procedure,0,False
INC-0077,2025-04-28,Day,Logistics,First Aid,Eye,Unsafe Condition,Housekeeping Management,0,False
INC-0071,2025-04-30,Evening,Maintenance,Near Miss,None,Equipment Failure,Inadequate Procedure,0,False
INC-0092,2025-05-02,Day,Logistics,Near Miss,None,Vehicle/Traffic,Environmental Conditions,0,False
INC-0094,2025-05-02,Evening,Warehouse,Near Miss,None,Unsafe Act,Inadequate Training,0,False
INC-0099,2025-05-04,Evening,Warehouse,Near Miss,None,Inadequate PPE,Communication,0,False
INC-0093,2025-05-08,Day,Maintenance,Near Miss,None,Manual Handling,PPE Management,0,False
INC-0095,2025-05-08,Evening,Production,Near Miss,None,Unsafe Act,Poor Supervision,0,False
INC-0089,2025-05-09,Day,Logistics,First Aid,Back,Vehicle/Traffic,Equipment Maintenance,0,False
INC-0085,2025-05-10,Day,Warehouse,Near Miss,None,Poor Housekeeping,Inadequate Procedure,0,False
INC-0091,2025-05-10,Night,Logistics,Near Miss,None,Poor Housekeeping,Other,0,False
INC-0086,2025-05-19,Day,Warehouse,Near Miss,None,Equipment Failure,Inadequate Training,0,True
INC-0087,2025-05-19,Evening,Maintenance,Near Miss,None,Unsafe Act,Poor Supervision,0,False
INC-0098,2025-05-19,Night,Logistics,Near Miss,None,Equipment Failure,Equipment Maintenance,0,True
INC-0097,2025-05-22,Night,Maintenance,Near Miss,None,Unsafe Condition,Inadequate Procedure,0,False
INC-0084,2025-05-27,Evening,Logistics,Near Miss,None,Vehicle/Traffic,Risk Assessment Gap,0,False
INC-0096,2025-05-27,Night,Logistics,Near Miss,None,Inadequate PPE,Communication,0,True
INC-0088,2025-05-29,Evening,Maintenance,Medical Treatment,Foot,Inadequate PPE,PPE Management,0,False
INC-0090,2025-05-30,Day,Warehouse,Medical Treatment,Hand,Manual Handling,Workload/Staffing,0,True
INC-0107,2025-06-02,Day,Production,Near Miss,None,Unsafe Condition,Inadequate Procedure,0,True
INC-0109,2025-06-07,Night,Production,Near Miss,None,Unsafe Act,Equipment Maintenance,0,False
INC-0104,2025-06-08,Day,Logistics,Near Miss,None,Electrical,Housekeeping Management,0,False
INC-0108,2025-06-08,Evening,Maintenance,Near Miss,None,Equipment Failure,Poor Supervision,0,False
INC-0102,2025-06-13,Day,Production,First Aid,Back,Manual Handling,Risk Assessment Gap,0,False
INC-0101,2025-06-14,Day,Warehouse,Near Miss,None,Equipment Failure,Communication,0,False
INC-0100,2025-06-18,Day,Production,Near Miss,None,Equipment Failure,Risk Assessment Gap,0,False
INC-0105,2025-06-21,Day,Logistics,Near Miss,None,Unsafe Condition,Housekeeping Management,0,False
INC-0103,2025-06-26,Night,Production,Near Miss,None,Unsafe Condition,Risk Assessment Gap,0,False
INC-0106,2025-06-28,Day,Maintenance,Near Miss,None,Electrical,Inadequate Procedure,0,True
INC-0118,2025-07-01,Day,Maintenance,Near Miss,None,Manual Handling,Inadequate Training,0,False
INC-0119,2025-07-04,Night,Production,Near Miss,None,Poor Housekeeping,Inadequate Training,0,False
INC-0121,2025-07-05,Day,Maintenance,First Aid,Foot,Poor Housekeeping,Poor Supervision,0,False
INC-0112,2025-07-08,Day,Production,Medical Treatment,Eye,Unsafe Act,Inadequate Procedure,0,False
INC-0114,2025-07-08,Night,Production,Near Miss,None,Unsafe Condition,Communication,0,False
INC-0123,2025-07-09,Day,Warehouse,Near Miss,None,Unsafe Act,Workload/Staffing,0,False
INC-0122,2025-07-10,Day,Maintenance,Near Miss,None,Manual Handling,PPE Management,0,False
INC-0111,2025-07-11,Day,Maintenance,Medical Treatment,Eye,Equipment Failure,Housekeeping Management,0,True
INC-0117,2025-07-12,Evening,Production,Near Miss,None,Manual Handling,Poor Supervision,0,False
INC-0125,2025-07-12,Night,Production,Near Miss,None,Chemical Exposure,Inadequate Training,0,False
INC-0110,2025-07-13,Day,Logistics,First Aid,Arm,Equipment Failure,Poor Supervision,0,False
INC-0113,2025-07-15,Evening,Maintenance,Near Miss,None,Unsafe Act,Workload/Staffing,0,False
INC-0116,2025-07-19,Day,Production,Near Miss,None,Unsafe Act,Inadequate Procedure,0,False
INC-0124,2025-07-24,Night,Maintenance,Near Miss,None,Equipment Failure,Housekeeping Management,0,True
INC-0126,2025-07-30,Day,Logistics,First Aid,Leg,Manual Handling,Workload/Staffing,0,False
INC-0115,2025-07-31,Evening,Warehouse,Near Miss,None,Equipment Failure,Workload/Staffing,0,False
INC-0120,2025-07-31,Evening,Warehouse,Near Miss,None,Equipment Failure,Inadequate Procedure,0,False
INC-0143,2025-08-01,Day,Maintenance,Near Miss,None,Inadequate PPE,Inadequate Training,0,False
INC-0137,2025-08-02,Night,Warehouse,Near Miss,None,Unsafe Condition,Poor Supervision,0,False
INC-0146,2025-08-02,Day,Maintenance,Near Miss,None,Electrical,Poor Supervision,0,True
INC-0138,2025-08-07,Day,Production,Near Miss,None,Unsafe Condition,PPE Management,0,False
INC-0132,2025-08-08,Day,Maintenance,Near Miss,None,Unsafe Condition,Risk Assessment Gap,0,False
INC-0133,2025-08-08,Day,Maintenance,Near Miss,None,Equipment Failure,PPE Management,0,False
INC-0144,2025-08-10,Day,Logistics,Near Miss,None,Unsafe Condition,Communication,0,False
INC-0150,2025-08-11,Day,Logistics,Lost Time Injury,Multiple,Slips/Trips,Poor Supervision,5,False
INC-0147,2025-08-13,Evening,Production,Near Miss,None,Unsafe Condition,Communication,0,False
INC-0142,2025-08-14,Day,Maintenance,Near Miss,None,Unsafe Condition,Inadequate Training,0,False
INC-0148,2025-08-15,Evening,Logistics,Near Miss,None,Manual Handling,Equipment Maintenance,0,False
INC-0149,2025-08-17,Evening,Production,Near Miss,None,Unsafe Act,Poor Supervision,0,False
INC-0129,2025-08-18,Night,Maintenance,Near Miss,None,Inadequate PPE,Inadequate Training,0,False
INC-0139,2025-08-18,Day,Maintenance,Near Miss,None,Equipment Failure,Inadequate Training,0,False
INC-0145,2025-08-18,Evening,Maintenance,First Aid,Hand,Slips/Trips,PPE Management,0,False
INC-0130,2025-08-19,Day,Maintenance,Near Miss,None,Manual Handling,Poor Supervision,0,False
INC-0136,2025-08-20,Day,Logistics,Near Miss,None,Inadequate PPE,PPE Management,0,False
INC-0134,2025-08-21,Night,Warehouse,Lost Time Injury,Eye,Electrical,Inadequate Procedure,3,False
INC-0131,2025-08-23,Night,Production,Near Miss,None,Unsafe Condition,Inadequate Training,0,False
INC-0135,2025-08-24,Day,Maintenance,Near Miss,None,Equipment Failure,Workload/Staffing,0,False
INC-0127,2025-08-25,Day,Logistics,First Aid,Head,Unsafe Condition,Workload/Staffing,0,False
INC-0141,2025-08-26,Night,Production,Near Miss,None,Inadequate PPE,Environmental Conditions,0,False
INC-0140,2025-08-28,Day,Warehouse,Near Miss,None,Poor Housekeeping,Risk Assessment Gap,0,False
INC-0128,2025-08-29,Night,Maintenance,Near Miss,None,Equipment Failure,Equipment Maintenance,0,False
INC-0177,2025-09-01,Day,Warehouse,Near Miss,None,Vehicle/Traffic,Equipment Maintenance,0,False
INC-0179,2025-09-01,Day,Production,Near Miss,None,Unsafe Act,Inadequate Training,0,False
INC-0168,2025-09-03,Day,Logistics,Near Miss,None,Vehicle/Traffic,Workload/Staffing,0,False
INC-0164,2025-09-04,Night,Maintenance,Lost Time Injury,Leg,Inadequate PPE,Inadequate Procedure,5,False
INC-0172,2025-09-04,Day,Production,Near Miss,None,Unsafe Condition,Communication,0,False
INC-0151,2025-09-06,Day,Maintenance,Near Miss,None,Unsafe Condition,Inadequate Procedure,0,False
INC-0178,2025-09-07,Day,Warehouse,Near Miss,None,Manual Handling,Inadequate Training,0,False
INC-0180,2025-09-07,Day,Maintenance,Near Miss,None,Equipment Failure,Poor Supervision,0,False
INC-0182,2025-09-07,Evening,Logistics,Near Miss,None,Manual Handling,Other,0,True
INC-0183,2025-09-07,Day,Maintenance,Medical Treatment,Multiple,Slips/Trips,Inadequate Training,0,False
INC-0156,2025-09-08,Evening,Maintenance,First Aid,Foot,Equipment Failure,Environmental Conditions,0,False
INC-0176,2025-09-08,Day,Maintenance,Near Miss,None,Manual Handling,Inadequate Procedure,0,True
INC-0167,2025-09-09,Day,Production,Near Miss,None,Slips/Trips,Inadequate Procedure,0,False
INC-0166,2025-09-11,Day,Maintenance,First Aid,Eye,Chemical Exposure,Inadequate Procedure,0,False
INC-0181,2025-09-13,Day,Warehouse,Medical Treatment,Back,Unsafe Condition,Inadequate Training,0,True
INC-0159,2025-09-14,Evening,Maintenance,Near Miss,None,Vehicle/Traffic,Inadequate Training,0,True
INC-0161,2025-09-14,Day,Production,Near Miss,None,Poor Housekeeping,Environmental Conditions,0,False
INC-0163,2025-09-14,Day,Logistics,Near Miss,None,Manual Handling,Risk Assessment Gap,0,False
INC-0169,2025-09-14,Evening,Production,Near Miss,None,Unsafe Condition,Workload/Staffing,0,False
INC-0158,2025-09-17,Evening,Logistics,Lost Time Injury,Arm,Vehicle/Traffic,PPE Management,4,True
INC-0160,2025-09-18,Evening,Maintenance,First Aid,Eye,Unsafe Condition,Workload/Staffing,0,False
INC-0175,2025-09-19,Evening,Maintenance,Near Miss,None,Poor Housekeeping,Equipment Maintenance,0,False
INC-0152,2025-09-20,Day,Maintenance,Near Miss,None,Equipment Failure,Inadequate Training,0,False
INC-0155,2025-09-23,Night,Maintenance,Near Miss,None,Equipment Failure,Housekeeping Management,0,True
INC-0165,2025-09-23,Evening,Logistics,First Aid,Leg,Poor Housekeeping,Poor Supervision,0,False
INC-0170,2025-09-25,Day,Logistics,Near Miss,None,Equipment Failure,Inadequate Training,0,False
INC-0154,2025-09-26,Day,Maintenance,Medical Treatment,Multiple,Poor Housekeeping,Housekeeping Management,0,False
INC-0157,2025-09-26,Day,Maintenance,Near Miss,None,Equipment Failure,Communication,0,False
INC-0174,2025-09-27,Evening,Maintenance,First Aid,Back,Unsafe Condition,Inadequate Procedure,0,False
INC-0153,2025-09-29,Day,Production,Near Miss,None,Unsafe Condition,Inadequate Training,0,False
INC-0171,2025-09-29,Day,Production,Near Miss,None,Slips/Trips,Equipment Maintenance,0,False
INC-0173,2025-09-29,Evening,Production,Near Miss,None,Unsafe Condition,Workload/Staffing,0,False
INC-0162,2025-09-30,Evening,Production,Near Miss,None,Unsafe Condition,Communication,0,False
INC-0185,2025-10-01,Day,Production,Near Miss,None,Poor Housekeeping,Environmental Conditions,0,False
INC-0203,2025-10-03,Day,Maintenance,Near Miss,None,Unsafe Act,Other,0,False
INC-0193,2025-10-05,Night,Maintenance,Medical Treatment,Back,Vehicle/Traffic,Inadequate Training,0,False
INC-0187,2025-10-11,Day,Production,Near Miss,None,Unsafe Act,Inadequate Training,0,False
INC-0191,2025-10-11,Day,Warehouse,Near Miss,None,Unsafe Act,Workload/Staffing,0,False
INC-0184,2025-10-13,Day,Maintenance,Near Miss,None,Unsafe Condition,Inadequate Training,0,False
INC-0197,2025-10-14,Day,Production,Near Miss,None,Poor Housekeeping,Inadequate Procedure,0,False
INC-0201,2025-10-15,Day,Production,Near Miss,None,Vehicle/Traffic,Inadequate Procedure,0,False
INC-0194,2025-10-16,Evening,Maintenance,Near Miss,None,Inadequate PPE,Risk Assessment Gap,0,False
INC-0199,2025-10-16,Night,Maintenance,Near Miss,None,Unsafe Act,Risk Assessment Gap,0,False
INC-0188,2025-10-18,Day,Maintenance,Near Miss,None,Slips/Trips,Poor Supervision,0,False
INC-0186,2025-10-19,Day,Maintenance,Near Miss,None,Poor Housekeeping,Equipment Maintenance,0,False
INC-0196,2025-10-19,Night,Production,Near Miss,None,Unsafe Act,Equipment Maintenance,0,False
INC-0198,2025-10-22,Day,Maintenance,Near Miss,None,Unsafe Condition,Equipment Maintenance,0,True
INC-0195,2025-10-23,Day,Maintenance,Near Miss,None,Unsafe Condition,Workload/Staffing,0,False
INC-0192,2025-10-24,Day,Warehouse,Near Miss,None,Equipment Failure,Inadequate Training,0,False
INC-0190,2025-10-29,Day,Maintenance,Near Miss,None,Manual Handling,Risk Assessment Gap,0,True
INC-0200,2025-10-30,Day,Maintenance,Near Miss,None,Unsafe Act,Equipment Maintenance,0,False
INC-0202,2025-10-30,Day,Logistics,Near Miss,None,Vehicle/Traffic,Inadequate Training,0,False
INC-0189,2025-10-31,Day,Maintenance,Near Miss,None,Electrical,Equipment Maintenance,0,False
INC-0215,2025-11-03,Day,Maintenance,Near Miss,None,Poor Housekeeping,Poor Supervision,0,False
INC-0207,2025-11-06,Evening,Production,Near Miss,None,Equipment Failure,Environmental Conditions,0,False
INC-0213,2025-11-06,Evening,Maintenance,Near Miss,None,Unsafe Condition,Environmental Conditions,0,True
INC-0208,2025-11-12,Day,Production,Near Miss,None,Electrical,Inadequate Training,0,False
INC-0216,2025-11-15,Day,Production,Medical Treatment,Head,Vehicle/Traffic,Equipment Maintenance,0,False
INC-0205,2025-11-19,Evening,Warehouse,Near Miss,None,Poor Housekeeping,Risk Assessment Gap,0,False
INC-0209,2025-11-20,Day,Warehouse,Near Miss,None,Unsafe Condition,Inadequate Procedure,0,True
INC-0211,2025-11-20,Day,Warehouse,Near Miss,None,Unsafe Condition,Risk Assessment Gap,0,False
INC-0218,2025-11-20,Night,Logistics,Near Miss,None,Inadequate PPE,Equipment Maintenance,0,False
INC-0214,2025-11-21,Day,Production,Near Miss,None,Inadequate PPE,Equipment Maintenance,0,False
INC-0217,2025-11-22,Evening,Logistics,Near Miss,None,Vehicle/Traffic,Risk Assessment Gap,0,False
INC-0206,2025-11-26,Day,Warehouse,Near Miss,None,Poor Housekeeping,Equipment Maintenance,0,False
INC-0212,2025-11-26,Day,Maintenance,Near Miss,None,Unsafe Condition,Equipment Maintenance,0,False
INC-0204,2025-11-28,Night,Warehouse,Near Miss,None,Manual Handling,Workload/Staffing,0,False
INC-0210,2025-11-29,Day,Maintenance,First Aid,Foot,Manual Handling,Inadequate Training,0,False
INC-0224,2025-12-03,Day,Production,Near Miss,None,Equipment Failure,Equipment Maintenance,0,False
INC-0230,2025-12-04,Day,Production,Near Miss,None,Poor Housekeeping,Environmental Conditions,0,False
INC-0223,2025-12-05,Evening,Maintenance,Near Miss,None,Vehicle/Traffic,Equipment Maintenance,0,False
INC-0222,2025-12-10,Day,Production,Near Miss,None,Unsafe Act,Equipment Maintenance,0,False
INC-0236,2025-12-12,Evening,Production,Near Miss,None,Unsafe Act,Poor Supervision,0,False
INC-0221,2025-12-13,Evening,Maintenance,First Aid,Hand,Manual Handling,Inadequate Training,0,False
INC-0220,2025-12-15,Day,Warehouse,Near Miss,None,Electrical,Inadequate Training,0,True
INC-0219,2025-12-16,Day,Production,Near Miss,None,Unsafe Act,Risk Assessment Gap,0,False
INC-0232,2025-12-18,Day,Logistics,Near Miss,None,Unsafe Condition,Communication,0,True
INC-0235,2025-12-18,Day,Logistics,Near Miss,None,Manual Handling,Other,0,True
INC-0227,2025-12-20,Night,Maintenance,First Aid,Eye,Slips/Trips,Equipment Maintenance,0,True
INC-0226,2025-12-24,Night,Production,Near Miss,None,Inadequate PPE,PPE Management,0,False
INC-0225,2025-12-29,Day,Production,Near Miss,None,Equipment Failure,Poor Supervision,0,False
INC-0233,2025-12-29,Evening,Production,Near Miss,None,Unsafe Condition,Poor Supervision,0,False
INC-0234,2025-12-29,Day,Production,Near Miss,None,Unsafe Condition,Workload/Staffing,0,False
INC-0228,2025-12-31,Day,Maintenance,Near Miss,None,Poor Housekeeping,Risk Assessment Gap,0,False
INC-0229,2025-12-31,Evening,Production,Near Miss,None,Electrical,Communication,0,False
INC-0231,2025-12-31,Day,Production,Near Miss,None,Unsafe Act,Environmental Conditions,0,False
INC-0241,2026-01-01,Evening,Maintenance,Near Miss,None,Equipment Failure,Inadequate Procedure,0,True
INC-0245,2026-01-02,Day,Logistics,Near Miss,None,Equipment Failure,Equipment Maintenance,0,False
INC-0243,2026-01-03,Day,Production,First Aid,Eye,Poor Housekeeping,PPE Management,0,False
INC-0240,2026-01-04,Day,Warehouse,Near Miss,None,Equipment Failure,Poor Supervision,0,True
INC-0237,2026-01-06,Night,Maintenance,Near Miss,None,Manual Handling,Housekeeping Management,0,False
INC-0238,2026-01-07,Night,Maintenance,Near Miss,None,Equipment Failure,Housekeeping Management,0,False
INC-0244,2026-01-08,Day,Warehouse,Near Miss,None,Vehicle/Traffic,Risk Assessment Gap,0,False
INC-0247,2026-01-09,Evening,Maintenance,Near Miss,None,Electrical,Housekeeping Management,0,False
INC-0250,2026-01-13,Day,Production,Near Miss,None,Poor Housekeeping,Housekeeping Management,0,False
INC-0249,2026-01-19,Evening,Warehouse,Near Miss,None,Inadequate PPE,Other,0,False
INC-0248,2026-01-22,Evening,Warehouse,Near Miss,None,Poor Housekeeping,Other,0,True
INC-0246,2026-01-26,Evening,Maintenance,Near Miss,None,Electrical,Inadequate Training,0,False
INC-0242,2026-01-30,Day,Maintenance,Near Miss,None,Electrical,Workload/Staffing,0,False
INC-0251,2026-01-30,Day,Production,Near Miss,None,Inadequate PPE,Inadequate Procedure,0,False
INC-0239,2026-01-31,Day,Maintenance,Near Miss,None,Inadequate PPE,Poor Supervision,0,False
INC-0252,2026-02-01,Day,Maintenance,First Aid,Foot,Slips/Trips,Poor Supervision,0,False
INC-0258,2026-02-03,Evening,Maintenance,Near Miss,None,Chemical Exposure,Risk Assessment Gap,0,False
INC-0262,2026-02-03,Day,Maintenance,Near Miss,None,Manual Handling,Risk Assessment Gap,0,False
INC-0255,2026-02-04,Night,Maintenance,Near Miss,None,Vehicle/Traffic,Poor Supervision,0,False
INC-0257,2026-02-04,Night,Production,Near Miss,None,Unsafe Act,Inadequate Training,0,False
INC-0264,2026-02-04,Day,Production,Near Miss,None,Manual Handling,Inadequate Training,0,False
INC-0269,2026-02-07,Day,Production,First Aid,Back,Poor Housekeeping,Poor Supervision,0,False
INC-0271,2026-02-11,Day,Production,Near Miss,None,Unsafe Condition,Risk Assessment Gap,0,False
INC-0256,2026-02-13,Night,Production,Medical Treatment,Hand,Chemical Exposure,Poor Supervision,0,False
INC-0265,2026-02-13,Day,Logistics,Near Miss,None,Slips/Trips,Environmental Conditions,0,False
INC-0267,2026-02-15,Night,Maintenance,Near Miss,None,Inadequate PPE,Inadequate Training,0,True
INC-0266,2026-02-16,Evening,Maintenance,Near Miss,None,Unsafe Act,Equipment Maintenance,0,False
INC-0270,2026-02-16,Night,Logistics,Near Miss,None,Poor Housekeeping,PPE Management,0,False
INC-0260,2026-02-20,Evening,Production,Near Miss,None,Unsafe Condition,PPE Management,0,False
INC-0253,2026-02-21,Evening,Production,Near Miss,None,Unsafe Condition,Poor Supervision,0,True
INC-0254,2026-02-25,Evening,Warehouse,Near Miss,None,Manual Handling,Risk Assessment Gap,0,False
INC-0261,2026-02-25,Day,Logistics,Near Miss,None,Slips/Trips,Communication,0,True
INC-0263,2026-02-26,Evening,Logistics,Near Miss,None,Unsafe Condition,Risk Assessment Gap,0,False
INC-0268,2026-02-26,Day,Production,Near Miss,None,Slips/Trips,PPE Management,0,True
INC-0259,2026-02-27,Day,Maintenance,Near Miss,None,Unsafe Condition,Workload/Staffing,0,False
INC-0284,2026-03-02,Day,Production,First Aid,Head,Chemical Exposure,Environmental Conditions,0,False
INC-0276,2026-03-04,Evening,Production,Near Miss,None,Unsafe Condition,Inadequate Procedure,0,True
INC-0281,2026-03-04,Day,Logistics,Near Miss,None,Slips/Trips,Housekeeping Management,0,False
INC-0283,2026-03-06,Day,Production,Near Miss,None,Unsafe Act,Workload/Staffing,0,False
INC-0287,2026-03-06,Day,Maintenance,Near Miss,None,Electrical,Housekeeping Management,0,False
INC-0273,2026-03-08,Evening,Warehouse,First Aid,Back,Equipment Failure,Poor Supervision,0,False
INC-0279,2026-03-11,Evening,Production,Near Miss,None,Manual Handling,Housekeeping Management,0,False
INC-0282,2026-03-11,Day,Logistics,Near Miss,None,Poor Housekeeping,Housekeeping Management,0,True
INC-0275,2026-03-17,Day,Production,First Aid,Back,Unsafe Condition,Workload/Staffing,0,True
INC-0280,2026-03-18,Day,Maintenance,Near Miss,None,Equipment Failure,Poor Supervision,0,True
INC-0278,2026-03-19,Night,Production,Near Miss,None,Unsafe Act,Inadequate Training,0,False
INC-0285,2026-03-23,Day,Warehouse,Medical Treatment,Back,Unsafe Act,Workload/Staffing,0,False
INC-0277,2026-03-29,Day,Production,Near Miss,None,Poor Housekeeping,Equipment Maintenance,0,False
INC-0272,2026-03-31,Day,Warehouse,Near Miss,None,Slips/Trips,Poor Supervision,0,False
INC-0274,2026-03-31,Day,Maintenance,Near Miss,None,Slips/Trips,Equipment Maintenance,0,False
INC-0286,2026-03-31,Day,Maintenance,Near Miss,None,Slips/Trips,Inadequate Procedure,0,False
INC-0290,2026-04-08,Day,Logistics,Near Miss,None,Poor Housekeeping,PPE Management,0,True
INC-0294,2026-04-09,Evening,Maintenance,Near Miss,None,Unsafe Condition,Inadequate Procedure,0,False
INC-0297,2026-04-10,Day,Maintenance,Near Miss,None,Slips/Trips,Housekeeping Management,0,False
INC-0292,2026-04-11,Day,Production,First Aid,Leg,Unsafe Act,Inadequate Training,0,True
INC-0295,2026-04-11,Day,Maintenance,Near Miss,None,Poor Housekeeping,Risk Assessment Gap,0,True
INC-0296,2026-04-14,Day,Maintenance,Near Miss,None,Unsafe Condition,Workload/Staffing,0,False
INC-0291,2026-04-16,Evening,Logistics,Near Miss,None,Poor Housekeeping,Environmental Conditions,0,False
INC-0293,2026-04-17,Day,Production,Near Miss,None,Inadequate PPE,Poor Supervision,0,True
INC-0289,2026-04-24,Day,Maintenance,First Aid,Eye,Manual Handling,Other,0,True
INC-0288,2026-04-26,Evening,Maintenance,First Aid,Hand,Equipment Failure,Communication,0,False
INC-0298,2026-05-01,Day,Maintenance,Near Miss,None,Equipment Failure,Other,0,True
INC-0304,2026-05-01,Evening,Production,Near Miss,None,Equipment Failure,Equipment Maintenance,0,False
INC-0305,2026-05-02,Day,Production,First Aid,Eye,Unsafe Act,Equipment Maintenance,0,False
INC-0316,2026-05-02,Day,Warehouse,Near Miss,None,Poor Housekeeping,Equipment Maintenance,0,False
INC-0299,2026-05-03,Day,Logistics,Near Miss,None,Electrical,Equipment Maintenance,0,True
INC-0314,2026-05-03,Night,Logistics,Near Miss,None,Unsafe Condition,Poor Supervision,0,False
INC-0320,2026-05-06,Evening,Logistics,Near Miss,None,Vehicle/Traffic,Inadequate Procedure,0,False
INC-0303,2026-05-07,Evening,Maintenance,Near Miss,None,Unsafe Condition,Housekeeping Management,0,False
INC-0310,2026-05-08,Day,Production,Near Miss,None,Unsafe Act,Inadequate Training,0,False
INC-0322,2026-05-09,Day,Maintenance,Near Miss,None,Unsafe Condition,Inadequate Training,0,False
INC-0321,2026-05-10,Night,Logistics,Near Miss,None,Vehicle/Traffic,Inadequate Training,0,False
INC-0317,2026-05-12,Day,Production,Near Miss,None,Equipment Failure,Workload/Staffing,0,False
INC-0307,2026-05-13,Day,Warehouse,Near Miss,None,Poor Housekeeping,Risk Assessment Gap,0,True
INC-0300,2026-05-15,Day,Production,First Aid,Arm,Inadequate PPE,Inadequate Procedure,0,False
INC-0324,2026-05-15,Day,Warehouse,Near Miss,None,Poor Housekeeping,Equipment Maintenance,0,True
INC-0302,2026-05-16,Day,Warehouse,Near Miss,None,Electrical,Inadequate Training,0,False
INC-0313,2026-05-16,Day,Warehouse,Near Miss,None,Manual Handling,Inadequate Procedure,0,False
INC-0318,2026-05-16,Night,Warehouse,Near Miss,None,Slips/Trips,Inadequate Training,0,False
INC-0306,2026-05-18,Evening,Logistics,Near Miss,None,Chemical Exposure,Risk Assessment Gap,0,False
INC-0319,2026-05-18,Day,Logistics,Near Miss,None,Chemical Exposure,Inadequate Procedure,0,False
INC-0325,2026-05-18,Day,Production,Near Miss,None,Unsafe Act,Risk Assessment Gap,0,False
INC-0311,2026-05-19,Day,Warehouse,Near Miss,None,Equipment Failure,Workload/Staffing,0,False
INC-0301,2026-05-23,Day,Warehouse,Near Miss,None,Vehicle/Traffic,Equipment Maintenance,0,False
INC-0308,2026-05-23,Night,Maintenance,Near Miss,None,Equipment Failure,Inadequate Procedure,0,True
INC-0309,2026-05-24,Day,Production,Near Miss,None,Unsafe Act,Poor Supervision,0,False
INC-0323,2026-05-24,Night,Warehouse,Near Miss,None,Unsafe Act,Inadequate Training,0,False
INC-0315,2026-05-27,Day,Maintenance,Near Miss,None,Equipment Failure,Communication,0,False
INC-0326,2026-05-28,Night,Maintenance,Near Miss,None,Slips/Trips,Communication,0,True
INC-0312,2026-05-31,Day,Logistics,First Aid,Hand,Vehicle/Traffic,Workload/Staffing,0,False
INC-0329,2026-06-01,Day,Maintenance,Medical Treatment,Head,Chemical Exposure,PPE Management,0,False
INC-0331,2026-06-01,Evening,Logistics,First Aid,Foot,Slips/Trips,PPE Management,0,False
INC-0333,2026-06-01,Day,Production,Near Miss,None,Unsafe Act,Communication,0,False
INC-0334,2026-06-06,Night,Production,Near Miss,None,Manual Handling,Housekeeping Management,0,False
INC-0336,2026-06-09,Day,Logistics,Near Miss,None,Poor Housekeeping,Poor Supervision,0,False
INC-0330,2026-06-12,Day,Logistics,Medical Treatment,Eye,Unsafe Condition,Risk Assessment Gap,0,False
INC-0332,2026-06-16,Day,Production,Near Miss,None,Vehicle/Traffic,Risk Assessment Gap,0,False
INC-0328,2026-06-17,Day,Production,Near Miss,None,Unsafe Condition,Risk Assessment Gap,0,False
INC-0337,2026-06-17,Night,Maintenance,First Aid,Hand,Unsafe Act,Poor Supervision,0,False
INC-0335,2026-06-19,Day,Production,Near Miss,None,Unsafe Act,Housekeeping Management,0,False
INC-0327,2026-06-27,Day,Production,Near Miss,None,Unsafe Condition,Equipment Maintenance,0,False
